<?xml version="1.0" encoding="UTF-8"?>
<root>
  <item name="com.google.android.exoplayer2.ext.media2.PlayerCommandQueue boolean isAsyncCommand(int) 0">
    <annotation name="androidx.annotation.IntDef">
      <val name="value" val="{com.google.android.exoplayer2.ext.media2.PlayerCommandQueue.COMMAND_CODE_PLAYER_SET_AUDIO_ATTRIBUTES, com.google.android.exoplayer2.ext.media2.PlayerCommandQueue.COMMAND_CODE_PLAYER_PLAY, com.google.android.exoplayer2.ext.media2.PlayerCommandQueue.COMMAND_CODE_PLAYER_REPLACE_PLAYLIST_ITEM, com.google.android.exoplayer2.ext.media2.PlayerCommandQueue.COMMAND_CODE_PLAYER_SKIP_TO_PREVIOUS_PLAYLIST_ITEM, com.google.android.exoplayer2.ext.media2.PlayerCommandQueue.COMMAND_CODE_PLAYER_SKIP_TO_NEXT_PLAYLIST_ITEM, com.google.android.exoplayer2.ext.media2.PlayerCommandQueue.COMMAND_CODE_PLAYER_SKIP_TO_PLAYLIST_ITEM, com.google.android.exoplayer2.ext.media2.PlayerCommandQueue.COMMAND_CODE_PLAYER_UPDATE_LIST_METADATA, com.google.android.exoplayer2.ext.media2.PlayerCommandQueue.COMMAND_CODE_PLAYER_SET_REPEAT_MODE, com.google.android.exoplayer2.ext.media2.PlayerCommandQueue.COMMAND_CODE_PLAYER_SET_SHUFFLE_MODE, com.google.android.exoplayer2.ext.media2.PlayerCommandQueue.COMMAND_CODE_PLAYER_SET_MEDIA_ITEM, com.google.android.exoplayer2.ext.media2.PlayerCommandQueue.COMMAND_CODE_PLAYER_SEEK_TO, com.google.android.exoplayer2.ext.media2.PlayerCommandQueue.COMMAND_CODE_PLAYER_PREPARE, com.google.android.exoplayer2.ext.media2.PlayerCommandQueue.COMMAND_CODE_PLAYER_SET_SPEED, com.google.android.exoplayer2.ext.media2.PlayerCommandQueue.COMMAND_CODE_PLAYER_PAUSE, com.google.android.exoplayer2.ext.media2.PlayerCommandQueue.COMMAND_CODE_PLAYER_SET_PLAYLIST, com.google.android.exoplayer2.ext.media2.PlayerCommandQueue.COMMAND_CODE_PLAYER_ADD_PLAYLIST_ITEM, com.google.android.exoplayer2.ext.media2.PlayerCommandQueue.COMMAND_CODE_PLAYER_REMOVE_PLAYLIST_ITEM, com.google.android.exoplayer2.ext.media2.PlayerCommandQueue.COMMAND_CODE_PLAYER_MOVE_PLAYLIST_ITEM}" />
    </annotation>
  </item>
  <item name="com.google.android.exoplayer2.ext.media2.PlayerCommandQueue com.google.common.util.concurrent.ListenableFuture&lt;androidx.media2.common.SessionPlayer.PlayerResult&gt; addCommand(int, java.util.concurrent.Callable&lt;java.lang.Boolean&gt;) 0">
    <annotation name="androidx.annotation.IntDef">
      <val name="value" val="{com.google.android.exoplayer2.ext.media2.PlayerCommandQueue.COMMAND_CODE_PLAYER_SET_AUDIO_ATTRIBUTES, com.google.android.exoplayer2.ext.media2.PlayerCommandQueue.COMMAND_CODE_PLAYER_PLAY, com.google.android.exoplayer2.ext.media2.PlayerCommandQueue.COMMAND_CODE_PLAYER_REPLACE_PLAYLIST_ITEM, com.google.android.exoplayer2.ext.media2.PlayerCommandQueue.COMMAND_CODE_PLAYER_SKIP_TO_PREVIOUS_PLAYLIST_ITEM, com.google.android.exoplayer2.ext.media2.PlayerCommandQueue.COMMAND_CODE_PLAYER_SKIP_TO_NEXT_PLAYLIST_ITEM, com.google.android.exoplayer2.ext.media2.PlayerCommandQueue.COMMAND_CODE_PLAYER_SKIP_TO_PLAYLIST_ITEM, com.google.android.exoplayer2.ext.media2.PlayerCommandQueue.COMMAND_CODE_PLAYER_UPDATE_LIST_METADATA, com.google.android.exoplayer2.ext.media2.PlayerCommandQueue.COMMAND_CODE_PLAYER_SET_REPEAT_MODE, com.google.android.exoplayer2.ext.media2.PlayerCommandQueue.COMMAND_CODE_PLAYER_SET_SHUFFLE_MODE, com.google.android.exoplayer2.ext.media2.PlayerCommandQueue.COMMAND_CODE_PLAYER_SET_MEDIA_ITEM, com.google.android.exoplayer2.ext.media2.PlayerCommandQueue.COMMAND_CODE_PLAYER_SEEK_TO, com.google.android.exoplayer2.ext.media2.PlayerCommandQueue.COMMAND_CODE_PLAYER_PREPARE, com.google.android.exoplayer2.ext.media2.PlayerCommandQueue.COMMAND_CODE_PLAYER_SET_SPEED, com.google.android.exoplayer2.ext.media2.PlayerCommandQueue.COMMAND_CODE_PLAYER_PAUSE, com.google.android.exoplayer2.ext.media2.PlayerCommandQueue.COMMAND_CODE_PLAYER_SET_PLAYLIST, com.google.android.exoplayer2.ext.media2.PlayerCommandQueue.COMMAND_CODE_PLAYER_ADD_PLAYLIST_ITEM, com.google.android.exoplayer2.ext.media2.PlayerCommandQueue.COMMAND_CODE_PLAYER_REMOVE_PLAYLIST_ITEM, com.google.android.exoplayer2.ext.media2.PlayerCommandQueue.COMMAND_CODE_PLAYER_MOVE_PLAYLIST_ITEM}" />
    </annotation>
  </item>
  <item name="com.google.android.exoplayer2.ext.media2.PlayerCommandQueue com.google.common.util.concurrent.ListenableFuture&lt;androidx.media2.common.SessionPlayer.PlayerResult&gt; addCommand(int, java.util.concurrent.Callable&lt;java.lang.Boolean&gt;, java.lang.Object) 0">
    <annotation name="androidx.annotation.IntDef">
      <val name="value" val="{com.google.android.exoplayer2.ext.media2.PlayerCommandQueue.COMMAND_CODE_PLAYER_SET_AUDIO_ATTRIBUTES, com.google.android.exoplayer2.ext.media2.PlayerCommandQueue.COMMAND_CODE_PLAYER_PLAY, com.google.android.exoplayer2.ext.media2.PlayerCommandQueue.COMMAND_CODE_PLAYER_REPLACE_PLAYLIST_ITEM, com.google.android.exoplayer2.ext.media2.PlayerCommandQueue.COMMAND_CODE_PLAYER_SKIP_TO_PREVIOUS_PLAYLIST_ITEM, com.google.android.exoplayer2.ext.media2.PlayerCommandQueue.COMMAND_CODE_PLAYER_SKIP_TO_NEXT_PLAYLIST_ITEM, com.google.android.exoplayer2.ext.media2.PlayerCommandQueue.COMMAND_CODE_PLAYER_SKIP_TO_PLAYLIST_ITEM, com.google.android.exoplayer2.ext.media2.PlayerCommandQueue.COMMAND_CODE_PLAYER_UPDATE_LIST_METADATA, com.google.android.exoplayer2.ext.media2.PlayerCommandQueue.COMMAND_CODE_PLAYER_SET_REPEAT_MODE, com.google.android.exoplayer2.ext.media2.PlayerCommandQueue.COMMAND_CODE_PLAYER_SET_SHUFFLE_MODE, com.google.android.exoplayer2.ext.media2.PlayerCommandQueue.COMMAND_CODE_PLAYER_SET_MEDIA_ITEM, com.google.android.exoplayer2.ext.media2.PlayerCommandQueue.COMMAND_CODE_PLAYER_SEEK_TO, com.google.android.exoplayer2.ext.media2.PlayerCommandQueue.COMMAND_CODE_PLAYER_PREPARE, com.google.android.exoplayer2.ext.media2.PlayerCommandQueue.COMMAND_CODE_PLAYER_SET_SPEED, com.google.android.exoplayer2.ext.media2.PlayerCommandQueue.COMMAND_CODE_PLAYER_PAUSE, com.google.android.exoplayer2.ext.media2.PlayerCommandQueue.COMMAND_CODE_PLAYER_SET_PLAYLIST, com.google.android.exoplayer2.ext.media2.PlayerCommandQueue.COMMAND_CODE_PLAYER_ADD_PLAYLIST_ITEM, com.google.android.exoplayer2.ext.media2.PlayerCommandQueue.COMMAND_CODE_PLAYER_REMOVE_PLAYLIST_ITEM, com.google.android.exoplayer2.ext.media2.PlayerCommandQueue.COMMAND_CODE_PLAYER_MOVE_PLAYLIST_ITEM}" />
    </annotation>
  </item>
  <item name="com.google.android.exoplayer2.ext.media2.PlayerCommandQueue java.lang.String toLogFriendlyString(int) 0">
    <annotation name="androidx.annotation.IntDef">
      <val name="value" val="{com.google.android.exoplayer2.ext.media2.PlayerCommandQueue.COMMAND_CODE_PLAYER_PREPARE, com.google.android.exoplayer2.ext.media2.PlayerCommandQueue.COMMAND_CODE_PLAYER_PLAY, com.google.android.exoplayer2.ext.media2.PlayerCommandQueue.COMMAND_CODE_PLAYER_PAUSE}" />
    </annotation>
  </item>
  <item name="com.google.android.exoplayer2.ext.media2.PlayerCommandQueue void notifyCommandCompleted(int) 0">
    <annotation name="androidx.annotation.IntDef">
      <val name="value" val="{com.google.android.exoplayer2.ext.media2.PlayerCommandQueue.COMMAND_CODE_PLAYER_PREPARE, com.google.android.exoplayer2.ext.media2.PlayerCommandQueue.COMMAND_CODE_PLAYER_PLAY, com.google.android.exoplayer2.ext.media2.PlayerCommandQueue.COMMAND_CODE_PLAYER_PAUSE}" />
    </annotation>
  </item>
  <item name="com.google.android.exoplayer2.ext.media2.PlayerCommandQueue.AsyncCommandCode">
    <annotation name="androidx.annotation.IntDef">
      <val name="value" val="{com.google.android.exoplayer2.ext.media2.PlayerCommandQueue.COMMAND_CODE_PLAYER_PREPARE, com.google.android.exoplayer2.ext.media2.PlayerCommandQueue.COMMAND_CODE_PLAYER_PLAY, com.google.android.exoplayer2.ext.media2.PlayerCommandQueue.COMMAND_CODE_PLAYER_PAUSE}" />
    </annotation>
  </item>
  <item name="com.google.android.exoplayer2.ext.media2.PlayerCommandQueue.AsyncPlayerCommandResult AsyncPlayerCommandResult(int, com.google.common.util.concurrent.SettableFuture&lt;androidx.media2.common.SessionPlayer.PlayerResult&gt;) 0">
    <annotation name="androidx.annotation.IntDef">
      <val name="value" val="{com.google.android.exoplayer2.ext.media2.PlayerCommandQueue.COMMAND_CODE_PLAYER_PREPARE, com.google.android.exoplayer2.ext.media2.PlayerCommandQueue.COMMAND_CODE_PLAYER_PLAY, com.google.android.exoplayer2.ext.media2.PlayerCommandQueue.COMMAND_CODE_PLAYER_PAUSE}" />
    </annotation>
  </item>
  <item name="com.google.android.exoplayer2.ext.media2.PlayerCommandQueue.AsyncPlayerCommandResult commandCode">
    <annotation name="androidx.annotation.IntDef">
      <val name="value" val="{com.google.android.exoplayer2.ext.media2.PlayerCommandQueue.COMMAND_CODE_PLAYER_PREPARE, com.google.android.exoplayer2.ext.media2.PlayerCommandQueue.COMMAND_CODE_PLAYER_PLAY, com.google.android.exoplayer2.ext.media2.PlayerCommandQueue.COMMAND_CODE_PLAYER_PAUSE}" />
    </annotation>
  </item>
  <item name="com.google.android.exoplayer2.ext.media2.PlayerCommandQueue.CommandCode">
    <annotation name="androidx.annotation.IntDef">
      <val name="value" val="{com.google.android.exoplayer2.ext.media2.PlayerCommandQueue.COMMAND_CODE_PLAYER_SET_AUDIO_ATTRIBUTES, com.google.android.exoplayer2.ext.media2.PlayerCommandQueue.COMMAND_CODE_PLAYER_PLAY, com.google.android.exoplayer2.ext.media2.PlayerCommandQueue.COMMAND_CODE_PLAYER_REPLACE_PLAYLIST_ITEM, com.google.android.exoplayer2.ext.media2.PlayerCommandQueue.COMMAND_CODE_PLAYER_SKIP_TO_PREVIOUS_PLAYLIST_ITEM, com.google.android.exoplayer2.ext.media2.PlayerCommandQueue.COMMAND_CODE_PLAYER_SKIP_TO_NEXT_PLAYLIST_ITEM, com.google.android.exoplayer2.ext.media2.PlayerCommandQueue.COMMAND_CODE_PLAYER_SKIP_TO_PLAYLIST_ITEM, com.google.android.exoplayer2.ext.media2.PlayerCommandQueue.COMMAND_CODE_PLAYER_UPDATE_LIST_METADATA, com.google.android.exoplayer2.ext.media2.PlayerCommandQueue.COMMAND_CODE_PLAYER_SET_REPEAT_MODE, com.google.android.exoplayer2.ext.media2.PlayerCommandQueue.COMMAND_CODE_PLAYER_SET_SHUFFLE_MODE, com.google.android.exoplayer2.ext.media2.PlayerCommandQueue.COMMAND_CODE_PLAYER_SET_MEDIA_ITEM, com.google.android.exoplayer2.ext.media2.PlayerCommandQueue.COMMAND_CODE_PLAYER_SEEK_TO, com.google.android.exoplayer2.ext.media2.PlayerCommandQueue.COMMAND_CODE_PLAYER_PREPARE, com.google.android.exoplayer2.ext.media2.PlayerCommandQueue.COMMAND_CODE_PLAYER_SET_SPEED, com.google.android.exoplayer2.ext.media2.PlayerCommandQueue.COMMAND_CODE_PLAYER_PAUSE, com.google.android.exoplayer2.ext.media2.PlayerCommandQueue.COMMAND_CODE_PLAYER_SET_PLAYLIST, com.google.android.exoplayer2.ext.media2.PlayerCommandQueue.COMMAND_CODE_PLAYER_ADD_PLAYLIST_ITEM, com.google.android.exoplayer2.ext.media2.PlayerCommandQueue.COMMAND_CODE_PLAYER_REMOVE_PLAYLIST_ITEM, com.google.android.exoplayer2.ext.media2.PlayerCommandQueue.COMMAND_CODE_PLAYER_MOVE_PLAYLIST_ITEM}" />
    </annotation>
  </item>
</root>

