<?xml version="1.0" encoding="UTF-8"?>
<root>
  <item name="com.google.android.exoplayer2.ext.ima.AdTagLoader imaAdState">
    <annotation name="androidx.annotation.IntDef">
      <val name="value" val="{com.google.android.exoplayer2.ext.ima.AdTagLoader.IMA_AD_STATE_NONE, com.google.android.exoplayer2.ext.ima.AdTagLoader.IMA_AD_STATE_PLAYING, com.google.android.exoplayer2.ext.ima.AdTagLoader.IMA_AD_STATE_PAUSED}" />
    </annotation>
  </item>
  <item name="com.google.android.exoplayer2.ext.ima.ImaServerSideAdInsertionMediaSource.AdsLoader.State java.lang.String keyForField(int) 0">
    <annotation name="androidx.annotation.IntDef">
      <val name="value" val="{com.google.android.exoplayer2.ext.ima.ImaServerSideAdInsertionMediaSource.AdsLoader.State.FIELD_AD_PLAYBACK_STATES}" />
    </annotation>
  </item>
</root>

