<?xml version="1.0" encoding="UTF-8"?>
<root>
  <item name="com.google.android.exoplayer2.testutil.DumpFileAsserts DUMP_FILE_ACTION">
    <annotation name="androidx.annotation.IntDef">
      <val name="flag" val="true" />
      <val name="value" val="{com.google.android.exoplayer2.testutil.DumpFileAsserts.COMPARE_WITH_EXISTING, com.google.android.exoplayer2.testutil.DumpFileAsserts.WRITE_TO_LOCAL, com.google.android.exoplayer2.testutil.DumpFileAsserts.WRITE_TO_DEVICE}" />
    </annotation>
  </item>
  <item name="com.google.android.exoplayer2.testutil.WebServerDispatcher.Resource Resource(java.lang.String, byte[], boolean, boolean, int) 4">
    <annotation name="androidx.annotation.IntDef">
      <val name="value" val="{com.google.android.exoplayer2.testutil.WebServerDispatcher.Resource.GZIP_SUPPORT_DISABLED, com.google.android.exoplayer2.testutil.WebServerDispatcher.Resource.GZIP_SUPPORT_ENABLED, com.google.android.exoplayer2.testutil.WebServerDispatcher.Resource.GZIP_SUPPORT_FORCED}" />
    </annotation>
  </item>
  <item name="com.google.android.exoplayer2.testutil.WebServerDispatcher.Resource gzipSupport">
    <annotation name="androidx.annotation.IntDef">
      <val name="value" val="{com.google.android.exoplayer2.testutil.WebServerDispatcher.Resource.GZIP_SUPPORT_DISABLED, com.google.android.exoplayer2.testutil.WebServerDispatcher.Resource.GZIP_SUPPORT_ENABLED, com.google.android.exoplayer2.testutil.WebServerDispatcher.Resource.GZIP_SUPPORT_FORCED}" />
    </annotation>
  </item>
  <item name="com.google.android.exoplayer2.testutil.WebServerDispatcher.Resource int getGzipSupport()">
    <annotation name="androidx.annotation.IntDef">
      <val name="value" val="{com.google.android.exoplayer2.testutil.WebServerDispatcher.Resource.GZIP_SUPPORT_DISABLED, com.google.android.exoplayer2.testutil.WebServerDispatcher.Resource.GZIP_SUPPORT_ENABLED, com.google.android.exoplayer2.testutil.WebServerDispatcher.Resource.GZIP_SUPPORT_FORCED}" />
    </annotation>
  </item>
  <item name="com.google.android.exoplayer2.testutil.WebServerDispatcher.Resource.Builder com.google.android.exoplayer2.testutil.WebServerDispatcher.Resource.Builder setGzipSupport(int) 0">
    <annotation name="androidx.annotation.IntDef">
      <val name="value" val="{com.google.android.exoplayer2.testutil.WebServerDispatcher.Resource.GZIP_SUPPORT_DISABLED, com.google.android.exoplayer2.testutil.WebServerDispatcher.Resource.GZIP_SUPPORT_ENABLED, com.google.android.exoplayer2.testutil.WebServerDispatcher.Resource.GZIP_SUPPORT_FORCED}" />
    </annotation>
  </item>
  <item name="com.google.android.exoplayer2.testutil.WebServerDispatcher.Resource.Builder gzipSupport">
    <annotation name="androidx.annotation.IntDef">
      <val name="value" val="{com.google.android.exoplayer2.testutil.WebServerDispatcher.Resource.GZIP_SUPPORT_DISABLED, com.google.android.exoplayer2.testutil.WebServerDispatcher.Resource.GZIP_SUPPORT_ENABLED, com.google.android.exoplayer2.testutil.WebServerDispatcher.Resource.GZIP_SUPPORT_FORCED}" />
    </annotation>
  </item>
</root>

