<?xml version="1.0" encoding="UTF-8"?>
<root>
  <item name="com.google.android.exoplayer2.transformer.TransformationException TransformationException(java.lang.String, java.lang.Throwable, int) 2">
    <annotation name="androidx.annotation.IntDef">
      <val name="open" val="true" />
      <val name="value" val="{com.google.android.exoplayer2.transformer.TransformationException.ERROR_CODE_UNSPECIFIED, com.google.android.exoplayer2.transformer.TransformationException.ERROR_CODE_FAILED_RUNTIME_CHECK, com.google.android.exoplayer2.transformer.TransformationException.ERROR_CODE_IO_UNSPECIFIED, com.google.android.exoplayer2.transformer.TransformationException.ERROR_CODE_IO_NETWORK_CONNECTION_FAILED, com.google.android.exoplayer2.transformer.TransformationException.ERROR_CODE_IO_NETWORK_CONNECTION_TIMEOUT, com.google.android.exoplayer2.transformer.TransformationException.ERROR_CODE_IO_INVALID_HTTP_CONTENT_TYPE, com.google.android.exoplayer2.transformer.TransformationException.ERROR_CODE_IO_BAD_HTTP_STATUS, com.google.android.exoplayer2.transformer.TransformationException.ERROR_CODE_IO_FILE_NOT_FOUND, com.google.android.exoplayer2.transformer.TransformationException.ERROR_CODE_IO_NO_PERMISSION, com.google.android.exoplayer2.transformer.TransformationException.ERROR_CODE_IO_CLEARTEXT_NOT_PERMITTED, com.google.android.exoplayer2.transformer.TransformationException.ERROR_CODE_IO_READ_POSITION_OUT_OF_RANGE, com.google.android.exoplayer2.transformer.TransformationException.ERROR_CODE_DECODER_INIT_FAILED, com.google.android.exoplayer2.transformer.TransformationException.ERROR_CODE_DECODING_FAILED, com.google.android.exoplayer2.transformer.TransformationException.ERROR_CODE_DECODING_FORMAT_UNSUPPORTED, com.google.android.exoplayer2.transformer.TransformationException.ERROR_CODE_ENCODER_INIT_FAILED, com.google.android.exoplayer2.transformer.TransformationException.ERROR_CODE_ENCODING_FAILED, com.google.android.exoplayer2.transformer.TransformationException.ERROR_CODE_OUTPUT_FORMAT_UNSUPPORTED, com.google.android.exoplayer2.transformer.TransformationException.ERROR_CODE_GL_INIT_FAILED, com.google.android.exoplayer2.transformer.TransformationException.ERROR_CODE_GL_PROCESSING_FAILED, com.google.android.exoplayer2.transformer.TransformationException.ERROR_CODE_MUXING_FAILED}" />
    </annotation>
  </item>
  <item name="com.google.android.exoplayer2.transformer.TransformationException errorCode">
    <annotation name="androidx.annotation.IntDef">
      <val name="open" val="true" />
      <val name="value" val="{com.google.android.exoplayer2.transformer.TransformationException.ERROR_CODE_UNSPECIFIED, com.google.android.exoplayer2.transformer.TransformationException.ERROR_CODE_FAILED_RUNTIME_CHECK, com.google.android.exoplayer2.transformer.TransformationException.ERROR_CODE_IO_UNSPECIFIED, com.google.android.exoplayer2.transformer.TransformationException.ERROR_CODE_IO_NETWORK_CONNECTION_FAILED, com.google.android.exoplayer2.transformer.TransformationException.ERROR_CODE_IO_NETWORK_CONNECTION_TIMEOUT, com.google.android.exoplayer2.transformer.TransformationException.ERROR_CODE_IO_INVALID_HTTP_CONTENT_TYPE, com.google.android.exoplayer2.transformer.TransformationException.ERROR_CODE_IO_BAD_HTTP_STATUS, com.google.android.exoplayer2.transformer.TransformationException.ERROR_CODE_IO_FILE_NOT_FOUND, com.google.android.exoplayer2.transformer.TransformationException.ERROR_CODE_IO_NO_PERMISSION, com.google.android.exoplayer2.transformer.TransformationException.ERROR_CODE_IO_CLEARTEXT_NOT_PERMITTED, com.google.android.exoplayer2.transformer.TransformationException.ERROR_CODE_IO_READ_POSITION_OUT_OF_RANGE, com.google.android.exoplayer2.transformer.TransformationException.ERROR_CODE_DECODER_INIT_FAILED, com.google.android.exoplayer2.transformer.TransformationException.ERROR_CODE_DECODING_FAILED, com.google.android.exoplayer2.transformer.TransformationException.ERROR_CODE_DECODING_FORMAT_UNSUPPORTED, com.google.android.exoplayer2.transformer.TransformationException.ERROR_CODE_ENCODER_INIT_FAILED, com.google.android.exoplayer2.transformer.TransformationException.ERROR_CODE_ENCODING_FAILED, com.google.android.exoplayer2.transformer.TransformationException.ERROR_CODE_OUTPUT_FORMAT_UNSUPPORTED, com.google.android.exoplayer2.transformer.TransformationException.ERROR_CODE_GL_INIT_FAILED, com.google.android.exoplayer2.transformer.TransformationException.ERROR_CODE_GL_PROCESSING_FAILED, com.google.android.exoplayer2.transformer.TransformationException.ERROR_CODE_MUXING_FAILED}" />
    </annotation>
  </item>
  <item name="com.google.android.exoplayer2.transformer.TransformationException int getErrorCodeForName(java.lang.String)">
    <annotation name="androidx.annotation.IntDef">
      <val name="open" val="true" />
      <val name="value" val="{com.google.android.exoplayer2.transformer.TransformationException.ERROR_CODE_UNSPECIFIED, com.google.android.exoplayer2.transformer.TransformationException.ERROR_CODE_FAILED_RUNTIME_CHECK, com.google.android.exoplayer2.transformer.TransformationException.ERROR_CODE_IO_UNSPECIFIED, com.google.android.exoplayer2.transformer.TransformationException.ERROR_CODE_IO_NETWORK_CONNECTION_FAILED, com.google.android.exoplayer2.transformer.TransformationException.ERROR_CODE_IO_NETWORK_CONNECTION_TIMEOUT, com.google.android.exoplayer2.transformer.TransformationException.ERROR_CODE_IO_INVALID_HTTP_CONTENT_TYPE, com.google.android.exoplayer2.transformer.TransformationException.ERROR_CODE_IO_BAD_HTTP_STATUS, com.google.android.exoplayer2.transformer.TransformationException.ERROR_CODE_IO_FILE_NOT_FOUND, com.google.android.exoplayer2.transformer.TransformationException.ERROR_CODE_IO_NO_PERMISSION, com.google.android.exoplayer2.transformer.TransformationException.ERROR_CODE_IO_CLEARTEXT_NOT_PERMITTED, com.google.android.exoplayer2.transformer.TransformationException.ERROR_CODE_IO_READ_POSITION_OUT_OF_RANGE, com.google.android.exoplayer2.transformer.TransformationException.ERROR_CODE_DECODER_INIT_FAILED, com.google.android.exoplayer2.transformer.TransformationException.ERROR_CODE_DECODING_FAILED, com.google.android.exoplayer2.transformer.TransformationException.ERROR_CODE_DECODING_FORMAT_UNSUPPORTED, com.google.android.exoplayer2.transformer.TransformationException.ERROR_CODE_ENCODER_INIT_FAILED, com.google.android.exoplayer2.transformer.TransformationException.ERROR_CODE_ENCODING_FAILED, com.google.android.exoplayer2.transformer.TransformationException.ERROR_CODE_OUTPUT_FORMAT_UNSUPPORTED, com.google.android.exoplayer2.transformer.TransformationException.ERROR_CODE_GL_INIT_FAILED, com.google.android.exoplayer2.transformer.TransformationException.ERROR_CODE_GL_PROCESSING_FAILED, com.google.android.exoplayer2.transformer.TransformationException.ERROR_CODE_MUXING_FAILED}" />
    </annotation>
  </item>
  <item name="com.google.android.exoplayer2.transformer.TransformationException java.lang.String getErrorCodeName(int) 0">
    <annotation name="androidx.annotation.IntDef">
      <val name="open" val="true" />
      <val name="value" val="{com.google.android.exoplayer2.transformer.TransformationException.ERROR_CODE_UNSPECIFIED, com.google.android.exoplayer2.transformer.TransformationException.ERROR_CODE_FAILED_RUNTIME_CHECK, com.google.android.exoplayer2.transformer.TransformationException.ERROR_CODE_IO_UNSPECIFIED, com.google.android.exoplayer2.transformer.TransformationException.ERROR_CODE_IO_NETWORK_CONNECTION_FAILED, com.google.android.exoplayer2.transformer.TransformationException.ERROR_CODE_IO_NETWORK_CONNECTION_TIMEOUT, com.google.android.exoplayer2.transformer.TransformationException.ERROR_CODE_IO_INVALID_HTTP_CONTENT_TYPE, com.google.android.exoplayer2.transformer.TransformationException.ERROR_CODE_IO_BAD_HTTP_STATUS, com.google.android.exoplayer2.transformer.TransformationException.ERROR_CODE_IO_FILE_NOT_FOUND, com.google.android.exoplayer2.transformer.TransformationException.ERROR_CODE_IO_NO_PERMISSION, com.google.android.exoplayer2.transformer.TransformationException.ERROR_CODE_IO_CLEARTEXT_NOT_PERMITTED, com.google.android.exoplayer2.transformer.TransformationException.ERROR_CODE_IO_READ_POSITION_OUT_OF_RANGE, com.google.android.exoplayer2.transformer.TransformationException.ERROR_CODE_DECODER_INIT_FAILED, com.google.android.exoplayer2.transformer.TransformationException.ERROR_CODE_DECODING_FAILED, com.google.android.exoplayer2.transformer.TransformationException.ERROR_CODE_DECODING_FORMAT_UNSUPPORTED, com.google.android.exoplayer2.transformer.TransformationException.ERROR_CODE_ENCODER_INIT_FAILED, com.google.android.exoplayer2.transformer.TransformationException.ERROR_CODE_ENCODING_FAILED, com.google.android.exoplayer2.transformer.TransformationException.ERROR_CODE_OUTPUT_FORMAT_UNSUPPORTED, com.google.android.exoplayer2.transformer.TransformationException.ERROR_CODE_GL_INIT_FAILED, com.google.android.exoplayer2.transformer.TransformationException.ERROR_CODE_GL_PROCESSING_FAILED, com.google.android.exoplayer2.transformer.TransformationException.ERROR_CODE_MUXING_FAILED}" />
    </annotation>
  </item>
  <item name="com.google.android.exoplayer2.transformer.TransformationException.ErrorCode">
    <annotation name="androidx.annotation.IntDef">
      <val name="open" val="true" />
      <val name="value" val="{com.google.android.exoplayer2.transformer.TransformationException.ERROR_CODE_UNSPECIFIED, com.google.android.exoplayer2.transformer.TransformationException.ERROR_CODE_FAILED_RUNTIME_CHECK, com.google.android.exoplayer2.transformer.TransformationException.ERROR_CODE_IO_UNSPECIFIED, com.google.android.exoplayer2.transformer.TransformationException.ERROR_CODE_IO_NETWORK_CONNECTION_FAILED, com.google.android.exoplayer2.transformer.TransformationException.ERROR_CODE_IO_NETWORK_CONNECTION_TIMEOUT, com.google.android.exoplayer2.transformer.TransformationException.ERROR_CODE_IO_INVALID_HTTP_CONTENT_TYPE, com.google.android.exoplayer2.transformer.TransformationException.ERROR_CODE_IO_BAD_HTTP_STATUS, com.google.android.exoplayer2.transformer.TransformationException.ERROR_CODE_IO_FILE_NOT_FOUND, com.google.android.exoplayer2.transformer.TransformationException.ERROR_CODE_IO_NO_PERMISSION, com.google.android.exoplayer2.transformer.TransformationException.ERROR_CODE_IO_CLEARTEXT_NOT_PERMITTED, com.google.android.exoplayer2.transformer.TransformationException.ERROR_CODE_IO_READ_POSITION_OUT_OF_RANGE, com.google.android.exoplayer2.transformer.TransformationException.ERROR_CODE_DECODER_INIT_FAILED, com.google.android.exoplayer2.transformer.TransformationException.ERROR_CODE_DECODING_FAILED, com.google.android.exoplayer2.transformer.TransformationException.ERROR_CODE_DECODING_FORMAT_UNSUPPORTED, com.google.android.exoplayer2.transformer.TransformationException.ERROR_CODE_ENCODER_INIT_FAILED, com.google.android.exoplayer2.transformer.TransformationException.ERROR_CODE_ENCODING_FAILED, com.google.android.exoplayer2.transformer.TransformationException.ERROR_CODE_OUTPUT_FORMAT_UNSUPPORTED, com.google.android.exoplayer2.transformer.TransformationException.ERROR_CODE_GL_INIT_FAILED, com.google.android.exoplayer2.transformer.TransformationException.ERROR_CODE_GL_PROCESSING_FAILED, com.google.android.exoplayer2.transformer.TransformationException.ERROR_CODE_MUXING_FAILED}" />
    </annotation>
  </item>
  <item name="com.google.android.exoplayer2.transformer.Transformer int getProgress(com.google.android.exoplayer2.transformer.ProgressHolder)">
    <annotation name="androidx.annotation.IntDef">
      <val name="value" val="{com.google.android.exoplayer2.transformer.Transformer.PROGRESS_STATE_WAITING_FOR_AVAILABILITY, com.google.android.exoplayer2.transformer.Transformer.PROGRESS_STATE_AVAILABLE, com.google.android.exoplayer2.transformer.Transformer.PROGRESS_STATE_UNAVAILABLE, com.google.android.exoplayer2.transformer.Transformer.PROGRESS_STATE_NO_TRANSFORMATION}" />
    </annotation>
  </item>
  <item name="com.google.android.exoplayer2.transformer.Transformer progressState">
    <annotation name="androidx.annotation.IntDef">
      <val name="value" val="{com.google.android.exoplayer2.transformer.Transformer.PROGRESS_STATE_WAITING_FOR_AVAILABILITY, com.google.android.exoplayer2.transformer.Transformer.PROGRESS_STATE_AVAILABLE, com.google.android.exoplayer2.transformer.Transformer.PROGRESS_STATE_UNAVAILABLE, com.google.android.exoplayer2.transformer.Transformer.PROGRESS_STATE_NO_TRANSFORMATION}" />
    </annotation>
  </item>
  <item name="com.google.android.exoplayer2.transformer.Transformer.ProgressState">
    <annotation name="androidx.annotation.IntDef">
      <val name="value" val="{com.google.android.exoplayer2.transformer.Transformer.PROGRESS_STATE_WAITING_FOR_AVAILABILITY, com.google.android.exoplayer2.transformer.Transformer.PROGRESS_STATE_AVAILABLE, com.google.android.exoplayer2.transformer.Transformer.PROGRESS_STATE_UNAVAILABLE, com.google.android.exoplayer2.transformer.Transformer.PROGRESS_STATE_NO_TRANSFORMATION}" />
    </annotation>
  </item>
</root>

