<?xml version="1.0" encoding="UTF-8"?>
<root>
  <item name="com.google.android.exoplayer2.ui.AspectRatioFrameLayout int getResizeMode()">
    <annotation name="androidx.annotation.IntDef">
      <val name="value" val="{com.google.android.exoplayer2.ui.AspectRatioFrameLayout.RESIZE_MODE_FIT, com.google.android.exoplayer2.ui.AspectRatioFrameLayout.RESIZE_MODE_FIXED_WIDTH, com.google.android.exoplayer2.ui.AspectRatioFrameLayout.RESIZE_MODE_FIXED_HEIGHT, com.google.android.exoplayer2.ui.AspectRatioFrameLayout.RESIZE_MODE_FILL, com.google.android.exoplayer2.ui.AspectRatioFrameLayout.RESIZE_MODE_ZOOM}" />
    </annotation>
  </item>
  <item name="com.google.android.exoplayer2.ui.AspectRatioFrameLayout resizeMode">
    <annotation name="androidx.annotation.IntDef">
      <val name="value" val="{com.google.android.exoplayer2.ui.AspectRatioFrameLayout.RESIZE_MODE_FIT, com.google.android.exoplayer2.ui.AspectRatioFrameLayout.RESIZE_MODE_FIXED_WIDTH, com.google.android.exoplayer2.ui.AspectRatioFrameLayout.RESIZE_MODE_FIXED_HEIGHT, com.google.android.exoplayer2.ui.AspectRatioFrameLayout.RESIZE_MODE_FILL, com.google.android.exoplayer2.ui.AspectRatioFrameLayout.RESIZE_MODE_ZOOM}" />
    </annotation>
  </item>
  <item name="com.google.android.exoplayer2.ui.AspectRatioFrameLayout void setResizeMode(int) 0">
    <annotation name="androidx.annotation.IntDef">
      <val name="value" val="{com.google.android.exoplayer2.ui.AspectRatioFrameLayout.RESIZE_MODE_FIT, com.google.android.exoplayer2.ui.AspectRatioFrameLayout.RESIZE_MODE_FIXED_WIDTH, com.google.android.exoplayer2.ui.AspectRatioFrameLayout.RESIZE_MODE_FIXED_HEIGHT, com.google.android.exoplayer2.ui.AspectRatioFrameLayout.RESIZE_MODE_FILL, com.google.android.exoplayer2.ui.AspectRatioFrameLayout.RESIZE_MODE_ZOOM}" />
    </annotation>
  </item>
  <item name="com.google.android.exoplayer2.ui.AspectRatioFrameLayout.ResizeMode">
    <annotation name="androidx.annotation.IntDef">
      <val name="value" val="{com.google.android.exoplayer2.ui.AspectRatioFrameLayout.RESIZE_MODE_FIT, com.google.android.exoplayer2.ui.AspectRatioFrameLayout.RESIZE_MODE_FIXED_WIDTH, com.google.android.exoplayer2.ui.AspectRatioFrameLayout.RESIZE_MODE_FIXED_HEIGHT, com.google.android.exoplayer2.ui.AspectRatioFrameLayout.RESIZE_MODE_FILL, com.google.android.exoplayer2.ui.AspectRatioFrameLayout.RESIZE_MODE_ZOOM}" />
    </annotation>
  </item>
  <item name="com.google.android.exoplayer2.ui.CaptionStyleCompat CaptionStyleCompat(int, int, int, int, int, android.graphics.Typeface) 3">
    <annotation name="androidx.annotation.IntDef">
      <val name="value" val="{com.google.android.exoplayer2.ui.CaptionStyleCompat.EDGE_TYPE_NONE, com.google.android.exoplayer2.ui.CaptionStyleCompat.EDGE_TYPE_OUTLINE, com.google.android.exoplayer2.ui.CaptionStyleCompat.EDGE_TYPE_DROP_SHADOW, com.google.android.exoplayer2.ui.CaptionStyleCompat.EDGE_TYPE_RAISED, com.google.android.exoplayer2.ui.CaptionStyleCompat.EDGE_TYPE_DEPRESSED}" />
    </annotation>
  </item>
  <item name="com.google.android.exoplayer2.ui.CaptionStyleCompat edgeType">
    <annotation name="androidx.annotation.IntDef">
      <val name="value" val="{com.google.android.exoplayer2.ui.CaptionStyleCompat.EDGE_TYPE_NONE, com.google.android.exoplayer2.ui.CaptionStyleCompat.EDGE_TYPE_OUTLINE, com.google.android.exoplayer2.ui.CaptionStyleCompat.EDGE_TYPE_DROP_SHADOW, com.google.android.exoplayer2.ui.CaptionStyleCompat.EDGE_TYPE_RAISED, com.google.android.exoplayer2.ui.CaptionStyleCompat.EDGE_TYPE_DEPRESSED}" />
    </annotation>
  </item>
  <item name="com.google.android.exoplayer2.ui.CaptionStyleCompat.EdgeType">
    <annotation name="androidx.annotation.IntDef">
      <val name="value" val="{com.google.android.exoplayer2.ui.CaptionStyleCompat.EDGE_TYPE_NONE, com.google.android.exoplayer2.ui.CaptionStyleCompat.EDGE_TYPE_OUTLINE, com.google.android.exoplayer2.ui.CaptionStyleCompat.EDGE_TYPE_DROP_SHADOW, com.google.android.exoplayer2.ui.CaptionStyleCompat.EDGE_TYPE_RAISED, com.google.android.exoplayer2.ui.CaptionStyleCompat.EDGE_TYPE_DEPRESSED}" />
    </annotation>
  </item>
  <item name="com.google.android.exoplayer2.ui.PlayerNotificationManager priority">
    <annotation name="androidx.annotation.IntDef">
      <val name="value" val="{androidx.core.app.NotificationCompat.PRIORITY_DEFAULT, androidx.core.app.NotificationCompat.PRIORITY_MAX, androidx.core.app.NotificationCompat.PRIORITY_HIGH, androidx.core.app.NotificationCompat.PRIORITY_LOW, androidx.core.app.NotificationCompat.PRIORITY_MIN}" />
    </annotation>
  </item>
  <item name="com.google.android.exoplayer2.ui.PlayerNotificationManager void setPriority(int) 0">
    <annotation name="androidx.annotation.IntDef">
      <val name="value" val="{androidx.core.app.NotificationCompat.PRIORITY_DEFAULT, androidx.core.app.NotificationCompat.PRIORITY_MAX, androidx.core.app.NotificationCompat.PRIORITY_HIGH, androidx.core.app.NotificationCompat.PRIORITY_LOW, androidx.core.app.NotificationCompat.PRIORITY_MIN}" />
    </annotation>
  </item>
  <item name="com.google.android.exoplayer2.ui.PlayerNotificationManager void setVisibility(int) 0">
    <annotation name="androidx.annotation.IntDef">
      <val name="value" val="{androidx.core.app.NotificationCompat.VISIBILITY_PRIVATE, androidx.core.app.NotificationCompat.VISIBILITY_PUBLIC, androidx.core.app.NotificationCompat.VISIBILITY_SECRET}" />
    </annotation>
  </item>
  <item name="com.google.android.exoplayer2.ui.PlayerNotificationManager.Priority">
    <annotation name="androidx.annotation.IntDef">
      <val name="value" val="{androidx.core.app.NotificationCompat.PRIORITY_DEFAULT, androidx.core.app.NotificationCompat.PRIORITY_MAX, androidx.core.app.NotificationCompat.PRIORITY_HIGH, androidx.core.app.NotificationCompat.PRIORITY_LOW, androidx.core.app.NotificationCompat.PRIORITY_MIN}" />
    </annotation>
  </item>
  <item name="com.google.android.exoplayer2.ui.PlayerNotificationManager.Visibility">
    <annotation name="androidx.annotation.IntDef">
      <val name="value" val="{androidx.core.app.NotificationCompat.VISIBILITY_PRIVATE, androidx.core.app.NotificationCompat.VISIBILITY_PUBLIC, androidx.core.app.NotificationCompat.VISIBILITY_SECRET}" />
    </annotation>
  </item>
  <item name="com.google.android.exoplayer2.ui.PlayerView int getResizeMode()">
    <annotation name="androidx.annotation.IntDef">
      <val name="value" val="{com.google.android.exoplayer2.ui.AspectRatioFrameLayout.RESIZE_MODE_FIT, com.google.android.exoplayer2.ui.AspectRatioFrameLayout.RESIZE_MODE_FIXED_WIDTH, com.google.android.exoplayer2.ui.AspectRatioFrameLayout.RESIZE_MODE_FIXED_HEIGHT, com.google.android.exoplayer2.ui.AspectRatioFrameLayout.RESIZE_MODE_FILL, com.google.android.exoplayer2.ui.AspectRatioFrameLayout.RESIZE_MODE_ZOOM}" />
    </annotation>
  </item>
  <item name="com.google.android.exoplayer2.ui.PlayerView showBuffering">
    <annotation name="androidx.annotation.IntDef">
      <val name="value" val="{com.google.android.exoplayer2.ui.PlayerView.SHOW_BUFFERING_NEVER, com.google.android.exoplayer2.ui.PlayerView.SHOW_BUFFERING_WHEN_PLAYING, com.google.android.exoplayer2.ui.PlayerView.SHOW_BUFFERING_ALWAYS}" />
    </annotation>
  </item>
  <item name="com.google.android.exoplayer2.ui.PlayerView void setResizeMode(int) 0">
    <annotation name="androidx.annotation.IntDef">
      <val name="value" val="{com.google.android.exoplayer2.ui.AspectRatioFrameLayout.RESIZE_MODE_FIT, com.google.android.exoplayer2.ui.AspectRatioFrameLayout.RESIZE_MODE_FIXED_WIDTH, com.google.android.exoplayer2.ui.AspectRatioFrameLayout.RESIZE_MODE_FIXED_HEIGHT, com.google.android.exoplayer2.ui.AspectRatioFrameLayout.RESIZE_MODE_FILL, com.google.android.exoplayer2.ui.AspectRatioFrameLayout.RESIZE_MODE_ZOOM}" />
    </annotation>
  </item>
  <item name="com.google.android.exoplayer2.ui.PlayerView void setShowBuffering(int) 0">
    <annotation name="androidx.annotation.IntDef">
      <val name="value" val="{com.google.android.exoplayer2.ui.PlayerView.SHOW_BUFFERING_NEVER, com.google.android.exoplayer2.ui.PlayerView.SHOW_BUFFERING_WHEN_PLAYING, com.google.android.exoplayer2.ui.PlayerView.SHOW_BUFFERING_ALWAYS}" />
    </annotation>
  </item>
  <item name="com.google.android.exoplayer2.ui.PlayerView.ShowBuffering">
    <annotation name="androidx.annotation.IntDef">
      <val name="value" val="{com.google.android.exoplayer2.ui.PlayerView.SHOW_BUFFERING_NEVER, com.google.android.exoplayer2.ui.PlayerView.SHOW_BUFFERING_WHEN_PLAYING, com.google.android.exoplayer2.ui.PlayerView.SHOW_BUFFERING_ALWAYS}" />
    </annotation>
  </item>
  <item name="com.google.android.exoplayer2.ui.StyledPlayerView int getResizeMode()">
    <annotation name="androidx.annotation.IntDef">
      <val name="value" val="{com.google.android.exoplayer2.ui.AspectRatioFrameLayout.RESIZE_MODE_FIT, com.google.android.exoplayer2.ui.AspectRatioFrameLayout.RESIZE_MODE_FIXED_WIDTH, com.google.android.exoplayer2.ui.AspectRatioFrameLayout.RESIZE_MODE_FIXED_HEIGHT, com.google.android.exoplayer2.ui.AspectRatioFrameLayout.RESIZE_MODE_FILL, com.google.android.exoplayer2.ui.AspectRatioFrameLayout.RESIZE_MODE_ZOOM}" />
    </annotation>
  </item>
  <item name="com.google.android.exoplayer2.ui.StyledPlayerView showBuffering">
    <annotation name="androidx.annotation.IntDef">
      <val name="value" val="{com.google.android.exoplayer2.ui.StyledPlayerView.SHOW_BUFFERING_NEVER, com.google.android.exoplayer2.ui.StyledPlayerView.SHOW_BUFFERING_WHEN_PLAYING, com.google.android.exoplayer2.ui.StyledPlayerView.SHOW_BUFFERING_ALWAYS}" />
    </annotation>
  </item>
  <item name="com.google.android.exoplayer2.ui.StyledPlayerView void setResizeMode(int) 0">
    <annotation name="androidx.annotation.IntDef">
      <val name="value" val="{com.google.android.exoplayer2.ui.AspectRatioFrameLayout.RESIZE_MODE_FIT, com.google.android.exoplayer2.ui.AspectRatioFrameLayout.RESIZE_MODE_FIXED_WIDTH, com.google.android.exoplayer2.ui.AspectRatioFrameLayout.RESIZE_MODE_FIXED_HEIGHT, com.google.android.exoplayer2.ui.AspectRatioFrameLayout.RESIZE_MODE_FILL, com.google.android.exoplayer2.ui.AspectRatioFrameLayout.RESIZE_MODE_ZOOM}" />
    </annotation>
  </item>
  <item name="com.google.android.exoplayer2.ui.StyledPlayerView void setShowBuffering(int) 0">
    <annotation name="androidx.annotation.IntDef">
      <val name="value" val="{com.google.android.exoplayer2.ui.StyledPlayerView.SHOW_BUFFERING_NEVER, com.google.android.exoplayer2.ui.StyledPlayerView.SHOW_BUFFERING_WHEN_PLAYING, com.google.android.exoplayer2.ui.StyledPlayerView.SHOW_BUFFERING_ALWAYS}" />
    </annotation>
  </item>
  <item name="com.google.android.exoplayer2.ui.StyledPlayerView.ShowBuffering">
    <annotation name="androidx.annotation.IntDef">
      <val name="value" val="{com.google.android.exoplayer2.ui.StyledPlayerView.SHOW_BUFFERING_NEVER, com.google.android.exoplayer2.ui.StyledPlayerView.SHOW_BUFFERING_WHEN_PLAYING, com.google.android.exoplayer2.ui.StyledPlayerView.SHOW_BUFFERING_ALWAYS}" />
    </annotation>
  </item>
  <item name="com.google.android.exoplayer2.ui.SubtitlePainter edgeType">
    <annotation name="androidx.annotation.IntDef">
      <val name="value" val="{com.google.android.exoplayer2.ui.CaptionStyleCompat.EDGE_TYPE_NONE, com.google.android.exoplayer2.ui.CaptionStyleCompat.EDGE_TYPE_OUTLINE, com.google.android.exoplayer2.ui.CaptionStyleCompat.EDGE_TYPE_DROP_SHADOW, com.google.android.exoplayer2.ui.CaptionStyleCompat.EDGE_TYPE_RAISED, com.google.android.exoplayer2.ui.CaptionStyleCompat.EDGE_TYPE_DEPRESSED}" />
    </annotation>
  </item>
  <item name="com.google.android.exoplayer2.ui.SubtitleView viewType">
    <annotation name="androidx.annotation.IntDef">
      <val name="value" val="{com.google.android.exoplayer2.ui.SubtitleView.VIEW_TYPE_CANVAS, com.google.android.exoplayer2.ui.SubtitleView.VIEW_TYPE_WEB}" />
    </annotation>
  </item>
  <item name="com.google.android.exoplayer2.ui.SubtitleView void setViewType(int) 0">
    <annotation name="androidx.annotation.IntDef">
      <val name="value" val="{com.google.android.exoplayer2.ui.SubtitleView.VIEW_TYPE_CANVAS, com.google.android.exoplayer2.ui.SubtitleView.VIEW_TYPE_WEB}" />
    </annotation>
  </item>
  <item name="com.google.android.exoplayer2.ui.SubtitleView.ViewType">
    <annotation name="androidx.annotation.IntDef">
      <val name="value" val="{com.google.android.exoplayer2.ui.SubtitleView.VIEW_TYPE_CANVAS, com.google.android.exoplayer2.ui.SubtitleView.VIEW_TYPE_WEB}" />
    </annotation>
  </item>
</root>

